<JobRoot>
<Info StateNum="0" StateText="Started"/>
<Job name="48 MPTS Statmux" workflowIdRef="MptsOverIpOutput">
  <ResParamDesc name="MPTS name" value="48 MPTS statmux"/>
  <ParamDesc name="Use IP output" value="true"/>
  <ParamDesc name="Protocol" value="TS/UDP/IP"/>
  <ParamDesc name="Define backup output" value="false"/>
  <ParamDesc name="TS bitrate" value="38000000"/>
  <ParamDesc name="Statmux pool global bitrate" value="31750000"/>
  <ParamDesc name="TS Id" value="1"/>
  <ParamDesc name="Standard" value="ATSC"/>
  <ParamDesc name="Maximum number of components" value="75"/>
  <ParamDesc name="Generate SDT" value="true"/>
  <ParamDesc name="PAT period" value="100"/>
  <ParamDesc name="PMT period" value="100"/>
  <ParamDesc name="SDT period" value="2000"/>
  <ParamDesc name="ON Id" value="1"/>
  <ParamDesc name="IP address" value="232.1.2.48#2"/>
  <ParamDesc name="UDP port" value="10001"/>
  <ParamDesc name="Source IP address" value="10.70.70.98"/>
  <ParamDesc name="UDP source port" value="same as destination UDP port"/>
  <ParamDesc name="TTL" value="16"/>
  <ParamDesc name="MTU" value="1500"/>
</Job>
</JobRoot>
