<JobRoot>
<Info StateNum="0" StateText="Started"/>
<Job name="48_08_Fox Sports 1 SD" workflowIdRef="LiveSDHDTranscoderV2" priority="1" hasRunScale="false">
  <ParamDesc name="SCTE 35 conditioning" value="true"/>
  <ParamDesc name="SCTE 27 conversion" value="false"/>
  <ParamDesc name="Output program clock" value="Convert to device internal clock"/>
  <ParamDesc name="DVB Subtitle inserter" value="false"/>
  <ParamDesc name="Blackout management" value="false"/>
  <ParamDesc name="Output TS type" value="MPTS"/>
  <ParamDesc name="Output video codec" value="MPEG-2 Video"/>
  <ParamDesc name="Rate mode" value="Statmux"/>
  <ParamDesc name="Output video PID" value="801"/>
  <ParamDesc name="Output PMT PID" value="800"/>
  <ParamDesc name="Output Program Number" value="8"/>
  <ParamDesc name="Add PMT program descriptors" value="false"/>
  <ParamDesc name="Add PMT video component descriptors" value="false"/>
  <ParamDesc name="Output service name" value="Fox Sports 1 SD"/>
  <ParamDesc name="Output provider name" value="Buckeye Broadband"/>
  <ParamDesc name="Input program number" value="1"/>
  <ParamDesc name="Activate DCT2000 compatibility" value="true"/>
  <ParamDesc name="Input video maximum format" value="HD 720p @ 59.94 fps"/>
  <ParamDesc name="Quality" value="55"/>
  <ParamDesc name="Output SCTE 35 PID" value="807"/>
  <ParamDesc name="Fallback avail duration" value="60"/>
  <ParamDesc name="Switch to CBR during SCTE 35 Avails" value="true"/>
  <ParamDesc name="Msg types for event triggering" value="Splice Insert and Time Signal"/>
  <ParamDesc name="Avail: Constant Bit Rate value" value="3000000"/>
  <ParamDesc name="Avail: switch to CBR before avail" value="1000"/>
  <ParamDesc name="Avail: extend CBR after avail" value="60000"/>
  <ParamDesc name="TS input: select source IP address" value="true"/>
  <ParamDesc name="TS input: IP address" value="232.1.0.226#2"/>
  <ParamDesc name="TS input: UDP port" value="10001"/>
  <ParamDesc name="TS input: source IP address" value="10.70.71.2"/>
  <ParamDesc name="TS input: maximum TS bitrate" value="20000000"/>
  <ParamDesc name="TS input: define backup input" value="false"/>
  <ParamDesc name="TS input: add latency for network jitter smoothing" value="100"/>
  <ParamDesc name="TS input: standard" value="DVB"/>
  <ParamDesc name="Input video PID" value="101"/>
  <ParamDesc name="Codec" value="MPEG-2"/>
  <ParamDesc name="Video compression type" value="Standard"/>
  <ParamDesc name="Support input variable frame rate" value="false"/>
  <ParamDesc name="Generate thumbnails on remote server" value="false"/>
  <ParamDesc name="Force slate insertion" value="false"/>
  <ParamDesc name="Slate insertion" value="freeze then black"/>
  <ParamDesc name="Freeze duration" value="500"/>
  <ParamDesc name="Input SCTE 35 PID" value="107"/>
  <ParamDesc name="Fallback avail duration" value="60"/>
  <ParamDesc name="Msg types for event triggering" value="Splice Insert and Time Signal"/>
  <ParamDesc name="Use a predefined conversion" value="false"/>
  <ParamDesc name="Display Aspect Ratio" value="auto"/>
  <ParamDesc name="Insert a logo" value="false"/>
  <ParamDesc name="Insert a text" value="false"/>
  <ParamDesc name="I period" value="auto"/>
  <ParamDesc name="Adaptive GOP" value="true"/>
  <ParamDesc name="Create independent PCR PID" value="false"/>
  <ParamDesc name="Frame structure" value="Interlace"/>
  <ParamDesc name="Resize" value="true"/>
  <ParamDesc name="Deinterlace" value="false"/>
  <ParamDesc name="Clipping" value="false"/>
  <ParamDesc name="Modify frame rate" value="true"/>
  <ParamDesc name="Output frame rate" value="29.97"/>
  <ParamDesc name="Ensure accurate frame rate according to device internal clock " value="true"/>
  <ParamDesc name="Output video size" value="SD 720x480"/>
  <ParamDesc name="MPEG-2 level" value="auto"/>
  <ParamDesc name="Closed Caption" value="Insert closed caption"/>
  <ParamDesc name="MPEG-2 P period" value="3"/>
  <ParamDesc name="SCTE-20 generation from CEA-608" value="true"/>
  <ResParamDesc name="MPTS name" value="48 MPTS statmux"/>
  <ParamDesc name="Minimum bitrate (TS overhead included)" value="591236"/>
  <ParamDesc name="Maximum bitrate (TS overhead included)" value="15406453"/>
  <ParamDesc name="Switch to CBR during SCTE 35 Avails" value="true"/>
  <ParamDesc name="Avail: Constant Bit Rate value" value="3000000"/>
  <ParamDesc name="Avail: switch to CBR before avail" value="1000"/>
  <ParamDesc name="Avail: extend CBR after avail" value="60000"/>
  <MultiParamDesc name="Pass-through component" value="2">
    <MultiParamElt>
      <ParamDesc name="Index" value="1"/>
      <ParamDesc name="Output pass-through PID" value="804"/>
      <ParamDesc name="Add PMT pass-through component descriptors" value="false"/>
      <ParamDesc name="Input PID" value="104"/>
      <ParamDesc name="Component Type" value="Audio"/>
      <ParamDesc name="Insert ID3 from Nielsen watermark " value="false"/>
      <ParamDesc name="Language" value="Any"/>
    </MultiParamElt>
    <MultiParamElt>
      <ParamDesc name="Index" value="2"/>
      <ParamDesc name="Output pass-through PID" value="805"/>
      <ParamDesc name="Add PMT pass-through component descriptors" value="false"/>
      <ParamDesc name="Input PID" value="105"/>
      <ParamDesc name="Component Type" value="Audio"/>
      <ParamDesc name="Insert ID3 from Nielsen watermark " value="false"/>
      <ParamDesc name="Language" value="Any"/>
    </MultiParamElt>
  </MultiParamDesc>
  <MultiParamDesc name="Audio transcoding" value="0"/>
</Job>
</JobRoot>
