<JobRoot>
<Info StateNum="0" StateText="Started"/>
<Job name="Cleo HD-SDV" workflowIdRef="LiveSDHDTranscoderV2" priority="1" hasRunScale="false">
  <ParamDesc name="SCTE 35 conditioning" value="false"/>
  <ParamDesc name="SCTE 27 conversion" value="false"/>
  <ParamDesc name="Output program clock" value="Convert to device internal clock"/>
  <ParamDesc name="DVB Subtitle inserter" value="false"/>
  <ParamDesc name="Blackout management" value="false"/>
  <ParamDesc name="Output TS type" value="SPTS"/>
  <ParamDesc name="Output video codec" value="MPEG-2 Video"/>
  <ParamDesc name="Rate mode" value="CBR"/>
  <ParamDesc name="Output video PID" value="101"/>
  <ParamDesc name="Output PMT PID" value="100"/>
  <ParamDesc name="Output Program Number" value="1"/>
  <ParamDesc name="Add PMT program descriptors" value="false"/>
  <ParamDesc name="Add PMT video component descriptors" value="false"/>
  <ParamDesc name="Output service name" value="Cleo HD"/>
  <ParamDesc name="Output provider name" value="Buckeye Broadband"/>
  <ParamDesc name="Input program number" value="1"/>
  <ParamDesc name="Activate DCT2000 compatibility" value="true"/>
  <ParamDesc name="Input video maximum format" value="HD 1080i @ 29.97 fps"/>
  <ParamDesc name="TS input: select source IP address" value="true"/>
  <ParamDesc name="TS input: IP address" value="232.1.0.1#2"/>
  <ParamDesc name="TS input: UDP port" value="10001"/>
  <ParamDesc name="TS input: source IP address" value="10.70.71.2"/>
  <ParamDesc name="TS input: maximum TS bitrate" value="20000000"/>
  <ParamDesc name="TS input: define backup input" value="false"/>
  <ParamDesc name="TS input: add latency for network jitter smoothing" value="100"/>
  <ParamDesc name="TS input: standard" value="DVB"/>
  <ParamDesc name="Input video PID" value="101"/>
  <ParamDesc name="Codec" value="MPEG-2"/>
  <ParamDesc name="Video compression type" value="Standard"/>
  <ParamDesc name="Support input variable frame rate" value="false"/>
  <ParamDesc name="Generate thumbnails on remote server" value="false"/>
  <ParamDesc name="Force slate insertion" value="false"/>
  <ParamDesc name="Slate insertion" value="freeze then black"/>
  <ParamDesc name="Freeze duration" value="500"/>
  <ParamDesc name="Use a predefined conversion" value="false"/>
  <ParamDesc name="Display Aspect Ratio" value="auto"/>
  <ParamDesc name="Insert a logo" value="false"/>
  <ParamDesc name="Insert a text" value="false"/>
  <ParamDesc name="I period" value="auto"/>
  <ParamDesc name="Adaptive GOP" value="true"/>
  <ParamDesc name="Create independent PCR PID" value="false"/>
  <ParamDesc name="Frame structure" value="Interlace"/>
  <ParamDesc name="Resize" value="false"/>
  <ParamDesc name="Deinterlace" value="false"/>
  <ParamDesc name="Clipping" value="false"/>
  <ParamDesc name="Modify frame rate" value="false"/>
  <ParamDesc name="MPEG-2 level" value="auto"/>
  <ParamDesc name="Closed Caption" value="Insert closed caption"/>
  <ParamDesc name="Coder Delay" value="Standard"/>
  <ParamDesc name="MPEG-2 bitrate" value="11500000"/>
  <ParamDesc name="MPEG-2 P period" value="3"/>
  <ParamDesc name="SCTE-20 generation from CEA-608" value="false"/>
  <ParamDesc name="TS bitrate" value="12500000"/>
  <ParamDesc name="TS Id" value="1"/>
  <ParamDesc name="Standard" value="MPEG-2"/>
  <ParamDesc name="Generate SDT" value="true"/>
  <ParamDesc name="PAT period" value="100"/>
  <ParamDesc name="PMT period" value="100"/>
  <ParamDesc name="SDT period" value="2000"/>
  <ParamDesc name="ON Id" value="1"/>
  <ParamDesc name="Protocol" value="TS/UDP/IP"/>
  <ParamDesc name="IP address" value="232.1.3.221#2"/>
  <ParamDesc name="UDP port" value="10001"/>
  <ParamDesc name="source IP address" value="10.70.70.98"/>
  <ParamDesc name="UDP source port" value="same as destination UDP port"/>
  <ParamDesc name="QOS Type" value="Differentiated Services"/>
  <ParamDesc name="DSCP" value="0 (Best Effort)"/>
  <ParamDesc name="Define backup SPTS output" value="false"/>
  <MultiParamDesc name="Pass-through component" value="1">
    <MultiParamElt>
      <ParamDesc name="Index" value="1"/>
      <ParamDesc name="Output pass-through PID" value="104"/>
      <ParamDesc name="Add PMT pass-through component descriptors" value="false"/>
      <ParamDesc name="Input PID" value="104"/>
      <ParamDesc name="Component Type" value="Audio"/>
      <ParamDesc name="Insert ID3 from Nielsen watermark " value="false"/>
      <ParamDesc name="Language" value="Any"/>
    </MultiParamElt>
  </MultiParamDesc>
  <MultiParamDesc name="Audio transcoding" value="0"/>
</Job>
</JobRoot>
