<JobRoot>
<Info StateNum="0" StateText="Started"/>
<Job name="26_04_Law and Crime HD" workflowIdRef="LiveSDHDTranscoderV2" priority="1" hasRunScale="false">
  <ParamDesc name="SCTE 35 conditioning" value="true"/>
  <ParamDesc name="SCTE 27 conversion" value="false"/>
  <ParamDesc name="Output program clock" value="Convert to device internal clock"/>
  <ParamDesc name="DVB Subtitle inserter" value="false"/>
  <ParamDesc name="Blackout management" value="false"/>
  <ParamDesc name="Output TS type" value="MPTS"/>
  <ParamDesc name="Output video codec" value="MPEG-2 Video"/>
  <ParamDesc name="Rate mode" value="Statmux"/>
  <ParamDesc name="Output video PID" value="401"/>
  <ParamDesc name="Output PMT PID" value="400"/>
  <ParamDesc name="Output Program Number" value="4"/>
  <ParamDesc name="Add PMT program descriptors" value="false"/>
  <ParamDesc name="Add PMT video component descriptors" value="false"/>
  <ParamDesc name="Output service name" value="Law and Crime HD"/>
  <ParamDesc name="Output provider name" value="Buckeye Broadband"/>
  <ParamDesc name="Input program number" value="1"/>
  <ParamDesc name="Activate DCT2000 compatibility" value="false"/>
  <ParamDesc name="Input video maximum format" value="HD 1080p @ 29.97 fps"/>
  <ParamDesc name="Quality" value="55"/>
  <ParamDesc name="Output SCTE 35 PID" value="407"/>
  <ParamDesc name="Fallback avail duration" value="300"/>
  <ParamDesc name="Switch to CBR during SCTE 35 Avails" value="false"/>
  <ParamDesc name="Msg types for event triggering" value="Splice Insert and Time Signal"/>
  <ParamDesc name="TS input: select source IP address" value="true"/>
  <ParamDesc name="TS input: IP address" value="232.1.0.7#2"/>
  <ParamDesc name="TS input: UDP port" value="10001"/>
  <ParamDesc name="TS input: source IP address" value="10.70.71.2"/>
  <ParamDesc name="TS input: maximum TS bitrate" value="25000000"/>
  <ParamDesc name="TS input: define backup input" value="false"/>
  <ParamDesc name="TS input: add latency for network jitter smoothing" value="100"/>
  <ParamDesc name="TS input: standard" value="MPEG-2"/>
  <ParamDesc name="Input video PID" value="101"/>
  <ParamDesc name="Codec" value="H.264"/>
  <ParamDesc name="Video compression type" value="Standard"/>
  <ParamDesc name="Support input variable frame rate" value="false"/>
  <ParamDesc name="Generate thumbnails on remote server" value="false"/>
  <ParamDesc name="Force slate insertion" value="false"/>
  <ParamDesc name="Slate insertion" value="freeze then black"/>
  <ParamDesc name="Freeze duration" value="500"/>
  <ParamDesc name="Input SCTE 35 PID" value="107"/>
  <ParamDesc name="Fallback avail duration" value="300"/>
  <ParamDesc name="Msg types for event triggering" value="Splice Insert and Time Signal"/>
  <ParamDesc name="Use a predefined conversion" value="false"/>
  <ParamDesc name="Display Aspect Ratio" value="auto"/>
  <ParamDesc name="Insert a logo" value="false"/>
  <ParamDesc name="Insert a text" value="false"/>
  <ParamDesc name="I period" value="auto"/>
  <ParamDesc name="Adaptive GOP" value="true"/>
  <ParamDesc name="Create independent PCR PID" value="false"/>
  <ParamDesc name="Frame structure" value="Interlace"/>
  <ParamDesc name="Resize" value="false"/>
  <ParamDesc name="Deinterlace" value="false"/>
  <ParamDesc name="Clipping" value="false"/>
  <ParamDesc name="Modify frame rate" value="false"/>
  <ParamDesc name="MPEG-2 level" value="auto"/>
  <ParamDesc name="Closed Caption" value="Insert closed caption"/>
  <ParamDesc name="MPEG-2 P period" value="3"/>
  <ParamDesc name="SCTE-20 generation from CEA-608" value="false"/>
  <ResParamDesc name="MPTS name" value="26  MPTS statmux"/>
  <ParamDesc name="Minimum bitrate (TS overhead included)" value="1200000"/>
  <ParamDesc name="Maximum bitrate (TS overhead included)" value="18000000"/>
  <ParamDesc name="Switch to CBR during SCTE 35 Avails" value="false"/>
  <MultiParamDesc name="Pass-through component" value="0"/>
  <MultiParamDesc name="Audio transcoding" value="1">
    <MultiParamElt>
      <ParamDesc name="Index" value="1"/>
      <ParamDesc name="Insert ID3 from Nielsen watermark" value="false"/>
      <ParamDesc name="Input audio codec" value="AC3"/>
      <ParamDesc name="Input audio language" value="Any"/>
      <ParamDesc name="Input audio PID" value="First one"/>
      <ParamDesc name="Raise a log when the component is absent" value="true"/>
      <ParamDesc name="Input maximum number of audio channels" value="2"/>
      <ParamDesc name="Dolby Stereo downmixing" value="false"/>
      <ParamDesc name="Dolby compression mode" value="RF mode"/>
      <ParamDesc name="Output audio PID" value="404"/>
      <ParamDesc name="Add PMT audio component descriptors" value="false"/>
      <ParamDesc name="Component Tag " value="None"/>
      <ParamDesc name="Use audio delay" value="false"/>
      <ParamDesc name="Use audio loudness control" value="false"/>
      <ParamDesc name="Use audio mixer" value="false"/>
      <ParamDesc name="Use audio resampler" value="false"/>
      <ParamDesc name="Switch audio mute during SCTE 35 Avails" value="false"/>
      <ParamDesc name="Output audio codec" value="Dolby Digital"/>
      <ParamDesc name="Dolby Digital Plus" value="false"/>
      <ParamDesc name="Bitrate for Mono" value="96000"/>
      <ParamDesc name="Bitrate for Stereo" value="384000"/>
      <ParamDesc name="Bitrate for 5.1" value="384000"/>
      <ParamDesc name="Bitstream mode" value="Complete main"/>
      <ParamDesc name="Dialogue normalisation" value="-27"/>
      <ParamDesc name="Line mode DRC" value="Film standard"/>
      <ParamDesc name="RF mode DRC" value="Film standard"/>
      <ParamDesc name="Preferred stereo downmix mode (multi-channel only)" value="Lt/Rt preferred"/>
      <ParamDesc name="Lt/Rt Center downmix level (multi-channel only)" value="0.707 (-3.0 dB)"/>
      <ParamDesc name="Lt/Rt surround downmix level (multi-channel only)" value="0.707 (-3.0 dB)"/>
      <ParamDesc name="Lo/Ro Center downmix level (multi-channel only)" value="0.707 (-3.0 dB)"/>
      <ParamDesc name="Lo/Ro surround downmix level (multi-channel only)" value="0.707 (-3.0 dB)"/>
      <ParamDesc name="Bandwidth lowpass filter" value="true"/>
      <ParamDesc name="DC highpass filter" value="false"/>
      <ParamDesc name="Dolby surround mode (stereo only)" value="Not indicated"/>
      <ParamDesc name="Room type" value="Not indicated"/>
      <ParamDesc name="Mixing level" value="105"/>
      <ParamDesc name="Copyright bit" value="true"/>
      <ParamDesc name="Original bitstream" value="true"/>
      <ParamDesc name="LFE channel filter" value="true"/>
      <ParamDesc name="Surround 3 dB attenuation" value="false"/>
      <ParamDesc name="Surround phase shift" value="true"/>
      <ParamDesc name="Dolby surround EX" value="Disable"/>
      <ParamDesc name="A/D converter type" value="Standard"/>
      <ParamDesc name="Center mix level" value="Not present"/>
      <ParamDesc name="Surround mix level" value="Not present"/>
      <ParamDesc name="Output audio language" value="Auto"/>
      <ParamDesc name="Audio encapsulation mode" value="Fixed number of frames per PES"/>
      <ParamDesc name="Number of frames per PES" value="5"/>
    </MultiParamElt>
  </MultiParamDesc>
</Job>
</JobRoot>
