<JobRoot>
<Info StateNum="3" StateText="Stopped by user"/>
<Job name="France 24 SD-SDV" workflowIdRef="LiveSDHDTranscoderV2" priority="1" hasRunScale="false">
  <ParamDesc name="SCTE 35 conditioning" value="false"/>
  <ParamDesc name="SCTE 27 conversion" value="false"/>
  <ParamDesc name="Output program clock" value="Convert to device internal clock"/>
  <ParamDesc name="DVB Subtitle inserter" value="false"/>
  <ParamDesc name="Blackout management" value="false"/>
  <ParamDesc name="Output TS type" value="SPTS"/>
  <ParamDesc name="Output video codec" value="MPEG-2 Video"/>
  <ParamDesc name="Rate mode" value="CBR"/>
  <ParamDesc name="Output video PID" value="101"/>
  <ParamDesc name="Output PMT PID" value="100"/>
  <ParamDesc name="Output Program Number" value="1"/>
  <ParamDesc name="Add PMT program descriptors" value="false"/>
  <ParamDesc name="Add PMT video component descriptors" value="false"/>
  <ParamDesc name="Output service name" value="France 24 SD"/>
  <ParamDesc name="Output provider name" value="Buckeye Broadband"/>
  <ParamDesc name="Input program number" value="1"/>
  <ParamDesc name="Activate DCT2000 compatibility" value="true"/>
  <ParamDesc name="Input video maximum format" value="NTSC 480i @ 29.97 fps"/>
  <ParamDesc name="TS input: select source IP address" value="true"/>
  <ParamDesc name="TS input: IP address" value="232.1.1.175#2"/>
  <ParamDesc name="TS input: UDP port" value="10001"/>
  <ParamDesc name="TS input: source IP address" value="10.70.71.2"/>
  <ParamDesc name="TS input: maximum TS bitrate" value="20000000"/>
  <ParamDesc name="TS input: define backup input" value="false"/>
  <ParamDesc name="TS input: add latency for network jitter smoothing" value="100"/>
  <ParamDesc name="TS input: standard" value="ATSC"/>
  <ParamDesc name="Input video PID" value="101"/>
  <ParamDesc name="Codec" value="MPEG-2"/>
  <ParamDesc name="Video compression type" value="Standard"/>
  <ParamDesc name="Support input variable frame rate" value="false"/>
  <ParamDesc name="Generate thumbnails on remote server" value="false"/>
  <ParamDesc name="Force slate insertion" value="false"/>
  <ParamDesc name="Slate insertion" value="freeze then black"/>
  <ParamDesc name="Freeze duration" value="500"/>
  <ParamDesc name="Use a predefined conversion" value="false"/>
  <ParamDesc name="Display Aspect Ratio" value="auto"/>
  <ParamDesc name="Insert a logo" value="false"/>
  <ParamDesc name="Insert a text" value="false"/>
  <ParamDesc name="I period" value="auto"/>
  <ParamDesc name="Adaptive GOP" value="true"/>
  <ParamDesc name="Create independent PCR PID" value="false"/>
  <ParamDesc name="Frame structure" value="Interlace"/>
  <ParamDesc name="Resize" value="false"/>
  <ParamDesc name="Deinterlace" value="false"/>
  <ParamDesc name="Clipping" value="false"/>
  <ParamDesc name="Modify frame rate" value="false"/>
  <ParamDesc name="MPEG-2 level" value="auto"/>
  <ParamDesc name="Closed Caption" value="Insert closed caption"/>
  <ParamDesc name="Coder Delay" value="Standard"/>
  <ParamDesc name="MPEG-2 bitrate" value="2250000"/>
  <ParamDesc name="MPEG-2 P period" value="3"/>
  <ParamDesc name="SCTE-20 generation from CEA-608" value="true"/>
  <ParamDesc name="TS bitrate" value="3000000"/>
  <ParamDesc name="TS Id" value="1"/>
  <ParamDesc name="Standard" value="MPEG-2"/>
  <ParamDesc name="Generate SDT" value="true"/>
  <ParamDesc name="PAT period" value="100"/>
  <ParamDesc name="PMT period" value="100"/>
  <ParamDesc name="SDT period" value="2000"/>
  <ParamDesc name="ON Id" value="1"/>
  <ParamDesc name="Protocol" value="TS/UDP/IP"/>
  <ParamDesc name="IP address" value="232.1.3.76#2"/>
  <ParamDesc name="UDP port" value="10001"/>
  <ParamDesc name="source IP address" value="10.70.70.98"/>
  <ParamDesc name="UDP source port" value="same as destination UDP port"/>
  <ParamDesc name="QOS Type" value="Differentiated Services"/>
  <ParamDesc name="DSCP" value="0 (Best Effort)"/>
  <ParamDesc name="Define backup SPTS output" value="false"/>
  <MultiParamDesc name="Pass-through component" value="0"/>
  <MultiParamDesc name="Audio transcoding" value="1">
    <MultiParamElt>
      <ParamDesc name="Index" value="1"/>
      <ParamDesc name="Insert ID3 from Nielsen watermark" value="false"/>
      <ParamDesc name="Input audio codec" value="AC3"/>
      <ParamDesc name="Input audio language" value="Any"/>
      <ParamDesc name="Input audio PID" value="104"/>
      <ParamDesc name="Raise a log when the component is absent" value="true"/>
      <ParamDesc name="Input maximum number of audio channels" value="2"/>
      <ParamDesc name="Dolby Stereo downmixing" value="false"/>
      <ParamDesc name="Dolby compression mode" value="RF mode"/>
      <ParamDesc name="Output audio PID" value="104"/>
      <ParamDesc name="Add PMT audio component descriptors" value="false"/>
      <ParamDesc name="Component Tag " value="None"/>
      <ParamDesc name="Use audio delay" value="false"/>
      <ParamDesc name="Use audio loudness control" value="false"/>
      <ParamDesc name="Use audio mixer" value="false"/>
      <ParamDesc name="Use audio resampler" value="false"/>
      <ParamDesc name="Output audio codec" value="Dolby Digital"/>
      <ParamDesc name="Dolby Digital Plus" value="false"/>
      <ParamDesc name="Bitrate for Mono" value="96000"/>
      <ParamDesc name="Bitrate for Stereo" value="384000"/>
      <ParamDesc name="Bitrate for 5.1" value="384000"/>
      <ParamDesc name="Bitstream mode" value="Complete main"/>
      <ParamDesc name="Dialogue normalisation" value="-27"/>
      <ParamDesc name="Line mode DRC" value="Film standard"/>
      <ParamDesc name="RF mode DRC" value="Film standard"/>
      <ParamDesc name="Preferred stereo downmix mode (multi-channel only)" value="Lt/Rt preferred"/>
      <ParamDesc name="Lt/Rt Center downmix level (multi-channel only)" value="0.707 (-3.0 dB)"/>
      <ParamDesc name="Lt/Rt surround downmix level (multi-channel only)" value="0.707 (-3.0 dB)"/>
      <ParamDesc name="Lo/Ro Center downmix level (multi-channel only)" value="0.707 (-3.0 dB)"/>
      <ParamDesc name="Lo/Ro surround downmix level (multi-channel only)" value="0.707 (-3.0 dB)"/>
      <ParamDesc name="Bandwidth lowpass filter" value="true"/>
      <ParamDesc name="DC highpass filter" value="false"/>
      <ParamDesc name="Dolby surround mode (stereo only)" value="Not indicated"/>
      <ParamDesc name="Room type" value="Not indicated"/>
      <ParamDesc name="Mixing level" value="105"/>
      <ParamDesc name="Copyright bit" value="true"/>
      <ParamDesc name="Original bitstream" value="true"/>
      <ParamDesc name="LFE channel filter" value="true"/>
      <ParamDesc name="Surround 3 dB attenuation" value="false"/>
      <ParamDesc name="Surround phase shift" value="true"/>
      <ParamDesc name="Dolby surround EX" value="Disable"/>
      <ParamDesc name="A/D converter type" value="Standard"/>
      <ParamDesc name="Center mix level" value="Not present"/>
      <ParamDesc name="Surround mix level" value="Not present"/>
      <ParamDesc name="Output audio language" value="Auto"/>
      <ParamDesc name="Audio encapsulation mode" value="Fixed number of frames per PES"/>
      <ParamDesc name="Number of frames per PES" value="5"/>
    </MultiParamElt>
  </MultiParamDesc>
</Job>
</JobRoot>
