<?xml version="1.0"?>
<srg:SysResources xmlns:srg="SystemResourceGlobal">
  <srg:SysResNode NId="1" ResourceId="1:1" UId="ID50">
    <srg:SysResHardRef Editable="false" Label="Hardware reference" Type="String" Value="KT1:9017007483-1-1"/>
    <srg:SysResDesc Editable="false" Label="Description" Type="String" Value="9017009468, Kontron, A/V Processing Module 1, CPU 1, MSP8050 Subsystem, SYMKLOUD MS29xx Platform"/>
  </srg:SysResNode>
  <srg:SysResNode NId="3" ResourceId="1:3" UId="ID51">
    <srg:SysResHardRef Editable="false" Label="Hardware reference" Type="String" Value="KT1:9017007483-2-1"/>
    <srg:SysResDesc Editable="false" Label="Description" Type="String" Value="9017009272, Kontron, A/V Processing Module 2, CPU 1, MSP8050 Subsystem, SYMKLOUD MS29xx Platform"/>
  </srg:SysResNode>
  <srg:SysResNode NId="2" ResourceId="1:2" UId="ID52">
    <srg:SysResHardRef Editable="false" Label="Hardware reference" Type="String" Value="KT1:9017007483-1-2"/>
    <srg:SysResDesc Editable="false" Label="Description" Type="String" Value="9017006456, Kontron, A/V Processing Module 1, CPU 2, MSP8050 Subsystem, SYMKLOUD MS29xx Platform"/>
  </srg:SysResNode>
  <srg:SysResNode NId="4" ResourceId="1:4" UId="ID53">
    <srg:SysResHardRef Editable="false" Label="Hardware reference" Type="String" Value="KT1:9017007483-2-2"/>
    <srg:SysResDesc Editable="false" Label="Description" Type="String" Value="9017009272, Kontron, A/V Processing Module 2, CPU 2, MSP8050 Subsystem, SYMKLOUD MS29xx Platform"/>
  </srg:SysResNode>
  <srg:SysResNode NId="5" ResourceId="1:5" UId="ID54">
    <srg:SysResHardRef Editable="false" Label="Hardware reference" Type="String" Value="KT1:9017007483-3-1"/>
    <srg:SysResDesc Editable="false" Label="Description" Type="String" Value="9017051009, Kontron, A/V Processing Module 3, CPU 1, MSP8050 Subsystem, SYMKLOUD MS29xx Platform"/>
  </srg:SysResNode>
  <srg:SysResNode NId="6" ResourceId="1:6" UId="ID55">
    <srg:SysResHardRef Editable="false" Label="Hardware reference" Type="String" Value="KT1:9017007483-3-2"/>
    <srg:SysResDesc Editable="false" Label="Description" Type="String" Value="9017051009, Kontron, A/V Processing Module 3, CPU 2, MSP8050 Subsystem, SYMKLOUD MS29xx Platform"/>
  </srg:SysResNode>
  <srg:SysResNode NId="7" ResourceId="1:7" UId="ID56">
    <srg:SysResHardRef Editable="false" Label="Hardware reference" Type="String" Value="KT1:9017007483-4-1"/>
    <srg:SysResDesc Editable="false" Label="Description" Type="String" Value="9017009305, Kontron, A/V Processing Module 4, CPU 1, MSP8050 Subsystem, SYMKLOUD MS29xx Platform"/>
  </srg:SysResNode>
  <srg:SysResNode NId="8" ResourceId="1:8" UId="ID57">
    <srg:SysResHardRef Editable="false" Label="Hardware reference" Type="String" Value="KT1:9017007483-4-2"/>
    <srg:SysResDesc Editable="false" Label="Description" Type="String" Value="9017009305, Kontron, A/V Processing Module 4, CPU 2, MSP8050 Subsystem, SYMKLOUD MS29xx Platform"/>
  </srg:SysResNode>
  <srg:SysResNode NId="9" ResourceId="1:9" UId="ID58">
    <srg:SysResHardRef Editable="false" Label="Hardware reference" Type="String" Value="KT1:9017007483-5-1"/>
    <srg:SysResDesc Editable="false" Label="Description" Type="String" Value="9017009291, Kontron, A/V Processing Module 5, CPU 1, MSP8050 Subsystem, SYMKLOUD MS29xx Platform"/>
  </srg:SysResNode>
  <srg:SysResNode NId="10" ResourceId="1:10" UId="ID59">
    <srg:SysResHardRef Editable="false" Label="Hardware reference" Type="String" Value="KT1:9017007483-5-2"/>
    <srg:SysResDesc Editable="false" Label="Description" Type="String" Value="9017009291, Kontron, A/V Processing Module 5, CPU 2, MSP8050 Subsystem, SYMKLOUD MS29xx Platform"/>
  </srg:SysResNode>
  <srg:SysResNode NId="11" ResourceId="1:11" UId="ID60">
    <srg:SysResHardRef Editable="false" Label="Hardware reference" Type="String" Value="KT1:9017007483-6-1"/>
    <srg:SysResDesc Editable="false" Label="Description" Type="String" Value="9017009328, Kontron, A/V Processing Module 6, CPU 1, MSP8050 Subsystem, SYMKLOUD MS29xx Platform"/>
  </srg:SysResNode>
  <srg:SysResNode NId="12" ResourceId="1:12" UId="ID61">
    <srg:SysResHardRef Editable="false" Label="Hardware reference" Type="String" Value="KT1:9017007483-6-2"/>
    <srg:SysResDesc Editable="false" Label="Description" Type="String" Value="9017009328, Kontron, A/V Processing Module 6, CPU 2, MSP8050 Subsystem, SYMKLOUD MS29xx Platform"/>
  </srg:SysResNode>
  <srg:SysResNode NId="13" ResourceId="1:13" UId="ID62">
    <srg:SysResHardRef Editable="false" Label="Hardware reference" Type="String" Value="KT1:9017007483-7-1"/>
    <srg:SysResDesc Editable="false" Label="Description" Type="String" Value="9017009282, Kontron, A/V Processing Module 7, CPU 1, MSP8050 Subsystem, SYMKLOUD MS29xx Platform"/>
  </srg:SysResNode>
  <srg:SysResNode NId="14" ResourceId="1:14" UId="ID63">
    <srg:SysResHardRef Editable="false" Label="Hardware reference" Type="String" Value="KT1:9017007483-7-2"/>
    <srg:SysResDesc Editable="false" Label="Description" Type="String" Value="9017009282, Kontron, A/V Processing Module 7, CPU 2, MSP8050 Subsystem, SYMKLOUD MS29xx Platform"/>
  </srg:SysResNode>
  <srg:SysResNode NId="15" ResourceId="1:15" UId="ID64">
    <srg:SysResHardRef Editable="false" Label="Hardware reference" Type="String" Value="KT1:9017007483-8-1"/>
    <srg:SysResDesc Editable="false" Label="Description" Type="String" Value="9017009377, Kontron, A/V Processing Module 8, CPU 1, MSP8050 Subsystem, SYMKLOUD MS29xx Platform"/>
  </srg:SysResNode>
  <srg:SysResNode NId="16" ResourceId="1:16" UId="ID65">
    <srg:SysResHardRef Editable="false" Label="Hardware reference" Type="String" Value="KT1:9017007483-8-2"/>
    <srg:SysResDesc Editable="false" Label="Description" Type="String" Value="9017009377, Kontron, A/V Processing Module 8, CPU 2, MSP8050 Subsystem, SYMKLOUD MS29xx Platform"/>
  </srg:SysResNode>
  <srg:SysResNode NId="17" ResourceId="1:17" UId="ID66">
    <srg:SysResHardRef Editable="false" Label="Hardware reference" Type="String" Value="KT1:9017007483-9-1"/>
    <srg:SysResDesc Editable="false" Label="Description" Type="String" Value="9017009267, Kontron, A/V Processing Module 9, CPU 1, MSP8050 Subsystem, SYMKLOUD MS29xx Platform"/>
  </srg:SysResNode>
  <srg:SysResNode NId="18" ResourceId="1:18" UId="ID67">
    <srg:SysResHardRef Editable="false" Label="Hardware reference" Type="String" Value="KT1:9017007483-9-2"/>
    <srg:SysResDesc Editable="false" Label="Description" Type="String" Value="9017009267, Kontron, A/V Processing Module 9, CPU 2, MSP8050 Subsystem, SYMKLOUD MS29xx Platform"/>
  </srg:SysResNode>
</srg:SysResources>
