<?xml version="1.0"?>
<wd:Workflow xmlns:wd="WorkflowDesc" name="Sample WebTV - HLS WebDAV" id="WorkflowUser_SampleWebTVSmoothStreamingtoIISserverImportImport" description="This example provides an HLS output pushed to a remote Web server." type="dynamic" priority="*" category="Sample" color="153;0;51">
  <wd:Tasks>
    <wd:WorkflowRef workflowIdRef="CompTSOverIpInputV2" id="ID_1" comment="TS over IP input" x="78" y="150">
      <wd:Param name="Select source IP address" type="Boolean" value="false" publish="private"/>
      <wd:Param name="IP address" type="IpClient" label="Main input IP address" value="225.1.4.5#13" publish="public" ui="maltese.corto.supervisor.common.gui.workflowjobcommon.param.IpAddressParamUI"/>
      <wd:Param name="UDP port" type="UInt16" label="Main input UDP port" value="4000" publish="public"/>
      <wd:Param name="Synchro loss threshold" type="UInt16" value="500" publish="private" unit="ms"/>
      <wd:Param name="Maximum TS bitrate" type="UInt64" value="50000000" publish="private" unit="bps"/>
      <wd:Param name="Define backup input" type="Boolean" value="true" publish="public"/>
      <wd:Param name="Add latency for network jitter smoothing" type="UInt16" value="0" publish="private"/>
      <wd:Param name="Backup input IP address" type="IpClient" value="225.1.4.6#23" publish="public" ui="maltese.corto.supervisor.common.gui.workflowjobcommon.param.IpAddressParamUI"/>
      <wd:Param name="Backup input UDP port" type="UInt16" value="5000" publish="public"/>
      <wd:Param name="Monitoring view" type="Boolean" value="true" publish="private"/>
      <wd:Param name="Standard" type="String" value="DVB" publish="private"/>
      <wd:OutputsRef>
        <wd:OutputRef name="Output" id="ID_2" cardinality="1"/>
      </wd:OutputsRef>
    </wd:WorkflowRef>
    <wd:WorkflowRef workflowIdRef="TSVideoExtractor" id="ID_12" comment="TS video extractor" x="258" y="80">
      <wd:Param name="Clock management" type="String" value="Convert to device internal clock" publish="private"/>
      <wd:Param name="Maximum format" type="String" value="HD 1080i @ 30 fps" publish="private"/>
      <wd:Param name="Program number" type="UInt16" value="First one" publish="private"/>
      <wd:Param name="PMT PID" type="UInt16" value="Auto" publish="private"/>
      <wd:Param name="Video PID" type="UInt32" value="First one" publish="private"/>
      <wd:Param name="Codec" type="String" value="Any" publish="private"/>
      <wd:Param name="Generate fake component on absence" type="Boolean" value="false" publish="private"/>
      <wd:Param name="Video compression type" type="String" value="Standard" publish="private"/>
      <wd:InputsRef>
        <wd:InputRef name="Input" id="ID_13" cardinality="1"/>
      </wd:InputsRef>
      <wd:OutputsRef>
        <wd:OutputRef name="Output" id="ID_14" cardinality="1"/>
      </wd:OutputsRef>
    </wd:WorkflowRef>
    <wd:WorkflowRef workflowIdRef="CompVideoDecoder" id="ID_15" comment="Video decoder" x="500" y="107">
      <wd:Param name="Support input variable frame rate" type="Boolean" value="false" publish="private"/>
      <wd:Param name="Generate thumbnails on remote server" type="Boolean" value="false" publish="private"/>
      <wd:Param name="Slate insertion" type="String" value="freeze then black" publish="private"/>
      <wd:Param name="Freeze duration" type="UInt32" value="500" publish="private"/>
      <wd:InputsRef>
        <wd:InputRef name="Input" id="ID_16" cardinality="1"/>
      </wd:InputsRef>
      <wd:OutputsRef>
        <wd:OutputRef name="Output" id="ID_17" cardinality="1"/>
      </wd:OutputsRef>
    </wd:WorkflowRef>
    <wd:WorkflowRef workflowIdRef="VideoFormatConverter" id="ID_18" comment="Video format converter" x="527" y="161">
      <wd:Param name="Type" type="String" value="Deinterlace" publish="private"/>
      <wd:Param name="Modify frame rate" type="Boolean" value="false" publish="private"/>
      <wd:InputsRef>
        <wd:InputRef name="Input" id="ID_19" cardinality="1"/>
      </wd:InputsRef>
      <wd:OutputsRef>
        <wd:OutputRef name="Output" id="ID_20" cardinality="1"/>
      </wd:OutputsRef>
    </wd:WorkflowRef>
    <wd:WorkflowRef workflowIdRef="VideoFormatConverter" id="ID_21" comment="Video format converter (2)" x="554" y="225">
      <wd:Param name="Type" type="String" value="Resize" publish="private"/>
      <wd:Param name="Output size" type="String" value="HD 1280x720" publish="private"/>
      <wd:Param name="Output display aspect ratio" type="String" value="Same as input" publish="private"/>
      <wd:InputsRef>
        <wd:InputRef name="Input" id="ID_22" cardinality="1"/>
      </wd:InputsRef>
      <wd:OutputsRef>
        <wd:OutputRef name="Output" id="ID_23" cardinality="1"/>
      </wd:OutputsRef>
    </wd:WorkflowRef>
    <wd:WorkflowRef workflowIdRef="Chunker" id="ID_24" comment="Chunker" x="582" y="290">
      <wd:Param name="Chunk duration" type="UInt32" value="10" publish="private" unit="s"/>
      <wd:Param name="Chunk strategy" type="String" value="Fixed number of frames" publish="private"/>
      <wd:Param name="Segment duration" type="UInt32" value="Unused" publish="private" unit="s"/>
      <wd:Param name="Chunk time reference" type="String" value="Auto" publish="private"/>
      <wd:Param name="ESAM Conditioning" type="Boolean" value="false" publish="private"/>
      <wd:Param name="Generate ATS Source Description" type="Boolean" value="false" publish="private"/>
      <wd:Param name="Availability start time (acquisition date)" type="String" value="Auto" publish="private"/>
      <wd:Param name="Availability start time offset" type="String" value="Auto (internal latency)" publish="private"/>
      <wd:Param name="SCTE 35 Conditioning" type="Boolean" value="false" publish="private"/>
      <wd:InputsRef>
        <wd:InputRef name="Input" id="ID_25" cardinality="1..1"/>
      </wd:InputsRef>
      <wd:OutputsRef>
        <wd:OutputRef name="Output" id="ID_27" cardinality="1..1"/>
      </wd:OutputsRef>
    </wd:WorkflowRef>
    <wd:WorkflowRef workflowIdRef="VideoFormatConverter" id="ID_32" comment="Video format converter (3)" x="827" y="316">
      <wd:Param name="Type" type="String" value="Resize" publish="private"/>
      <wd:Param name="Output size" type="String" value="Custom" publish="private"/>
      <wd:Param name="Custom output size" type="Size" value="950;540" publish="private" unit="pixels"/>
      <wd:Param name="Output display aspect ratio" type="String" value="Same as input" publish="private"/>
      <wd:InputsRef>
        <wd:InputRef name="Input" id="ID_33" cardinality="1"/>
      </wd:InputsRef>
      <wd:OutputsRef>
        <wd:OutputRef name="Output" id="ID_34" cardinality="1"/>
      </wd:OutputsRef>
    </wd:WorkflowRef>
    <wd:WorkflowRef workflowIdRef="VideoFormatConverter" id="ID_38" comment="Video format converter (4)" x="844" y="380">
      <wd:Param name="Type" type="String" value="Frame rate" publish="private"/>
      <wd:Param name="Frame rate" type="Double" value="14.98" publish="private" unit="fps"/>
      <wd:Param name="Ensure accurate frame rate according to device internal clock" type="Boolean" value="false" publish="private"/>
      <wd:Param name="Web TV: adaptation to external packager" type="Boolean" value="false" publish="private"/>
      <wd:InputsRef>
        <wd:InputRef name="Input" id="ID_39" cardinality="1"/>
      </wd:InputsRef>
      <wd:OutputsRef>
        <wd:OutputRef name="Output" id="ID_40" cardinality="1"/>
      </wd:OutputsRef>
    </wd:WorkflowRef>
    <wd:WorkflowRef workflowIdRef="VideoFormatConverter" id="ID_41" comment="Video format converter (5)" x="884" y="446">
      <wd:Param name="Type" type="String" value="Resize" publish="private"/>
      <wd:Param name="Output size" type="String" value="Custom" publish="private"/>
      <wd:Param name="Custom output size" type="Size" value="400;224" publish="private" unit="pixels"/>
      <wd:Param name="Output display aspect ratio" type="String" value="Same as input" publish="private"/>
      <wd:InputsRef>
        <wd:InputRef name="Input" id="ID_42" cardinality="1"/>
      </wd:InputsRef>
      <wd:OutputsRef>
        <wd:OutputRef name="Output" id="ID_43" cardinality="1"/>
      </wd:OutputsRef>
    </wd:WorkflowRef>
    <wd:WorkflowRef workflowIdRef="H264AVCEncoder" id="ID_44" comment="H.264 AVC encoder (3)" x="1058" y="433">
      <wd:Param name="Rate Mode" type="String" value="CBR" publish="private"/>
      <wd:Param name="Psycho Visual Enhancement" type="String" value="ON for the best video quality" publish="private"/>
      <wd:Param name="Profile" type="String" value="Main" publish="private"/>
      <wd:Param name="Video Quality boost" type="Boolean" value="true" publish="private"/>
      <wd:Param name="Web TV chunk size accuracy enhancement" type="Boolean" value="false" publish="private"/>
      <wd:Param name="Delay" type="String" value="Custom" publish="private"/>
      <wd:Param name="Frame structure" type="String" value="Progressive" publish="private"/>
      <wd:Param name="Adaptive GOP" type="Boolean" value="true" publish="private"/>
      <wd:Param name="Display Aspect Ratio" type="String" value="auto" publish="private"/>
      <wd:Param name="I Period" type="UInt32" value="32" publish="private"/>
      <wd:Param name="Closed Caption" type="String" value="None" publish="private"/>
      <wd:Param name="Closed Caption Descriptor" type="String" value="None" publish="private"/>
      <wd:Param name="ISDB-Tb syntax" type="Boolean" value="false" publish="private"/>
      <wd:Param name="Level" type="Double" value="auto" publish="private"/>
      <wd:Param name="Coder Delay" type="String" value="Standard" publish="private"/>
      <wd:Param name="Decoder Delay" type="UInt32" value="1500" publish="private" unit="ms"/>
      <wd:Param name="Bitrate" type="UInt32" value="300000" publish="private" unit="bps"/>
      <wd:Param name="P Period" type="UInt32" value="8" publish="private"/>
      <wd:Param name="Hierarchical GOP" type="Boolean" value="true" publish="private"/>
      <wd:Param name="Close GOP Period" type="UInt32" value="0" publish="private"/>
      <wd:InputsRef>
        <wd:InputRef name="Input" id="ID_45" cardinality="1"/>
      </wd:InputsRef>
      <wd:OutputsRef>
        <wd:OutputRef name="Output" id="ID_46" cardinality="1"/>
      </wd:OutputsRef>
    </wd:WorkflowRef>
    <wd:WorkflowRef workflowIdRef="H264AVCEncoder" id="ID_35" comment="H.264 AVC encoder (2)" x="1056" y="303">
      <wd:Param name="Rate Mode" type="String" value="CBR" publish="private"/>
      <wd:Param name="Psycho Visual Enhancement" type="String" value="ON for the best video quality" publish="private"/>
      <wd:Param name="Profile" type="String" value="Main" publish="private"/>
      <wd:Param name="Video Quality boost" type="Boolean" value="true" publish="private"/>
      <wd:Param name="Web TV chunk size accuracy enhancement" type="Boolean" value="false" publish="private"/>
      <wd:Param name="Delay" type="String" value="Custom" publish="private"/>
      <wd:Param name="Frame structure" type="String" value="Progressive" publish="private"/>
      <wd:Param name="Adaptive GOP" type="Boolean" value="true" publish="private"/>
      <wd:Param name="Display Aspect Ratio" type="String" value="auto" publish="private"/>
      <wd:Param name="I Period" type="UInt32" value="32" publish="private"/>
      <wd:Param name="Closed Caption" type="String" value="None" publish="private"/>
      <wd:Param name="Closed Caption Descriptor" type="String" value="None" publish="private"/>
      <wd:Param name="ISDB-Tb syntax" type="Boolean" value="false" publish="private"/>
      <wd:Param name="Level" type="Double" value="auto" publish="private"/>
      <wd:Param name="Coder Delay" type="String" value="Standard" publish="private"/>
      <wd:Param name="Decoder Delay" type="UInt32" value="1500" publish="private" unit="ms"/>
      <wd:Param name="Bitrate" type="UInt32" value="1500000" publish="private" unit="bps"/>
      <wd:Param name="P Period" type="UInt32" value="8" publish="private"/>
      <wd:Param name="Hierarchical GOP" type="Boolean" value="true" publish="private"/>
      <wd:Param name="Close GOP Period" type="UInt32" value="0" publish="private"/>
      <wd:InputsRef>
        <wd:InputRef name="Input" id="ID_36" cardinality="1"/>
      </wd:InputsRef>
      <wd:OutputsRef>
        <wd:OutputRef name="Output" id="ID_37" cardinality="1"/>
      </wd:OutputsRef>
    </wd:WorkflowRef>
    <wd:WorkflowRef workflowIdRef="H264AVCEncoder" id="ID_29" comment="H.264 AVC encoder" x="1058" y="204">
      <wd:Param name="Rate Mode" type="String" value="CBR" publish="private"/>
      <wd:Param name="Psycho Visual Enhancement" type="String" value="ON for the best video quality" publish="private"/>
      <wd:Param name="Profile" type="String" value="Main" publish="private"/>
      <wd:Param name="Video Quality boost" type="Boolean" value="true" publish="private"/>
      <wd:Param name="Web TV chunk size accuracy enhancement" type="Boolean" value="false" publish="private"/>
      <wd:Param name="Delay" type="String" value="Custom" publish="private"/>
      <wd:Param name="Frame structure" type="String" value="Progressive" publish="private"/>
      <wd:Param name="Adaptive GOP" type="Boolean" value="true" publish="private"/>
      <wd:Param name="Display Aspect Ratio" type="String" value="auto" publish="private"/>
      <wd:Param name="I Period" type="UInt32" value="32" publish="private"/>
      <wd:Param name="Closed Caption" type="String" value="None" publish="private"/>
      <wd:Param name="Closed Caption Descriptor" type="String" value="None" publish="private"/>
      <wd:Param name="ISDB-Tb syntax" type="Boolean" value="false" publish="private"/>
      <wd:Param name="Level" type="Double" value="auto" publish="private"/>
      <wd:Param name="Coder Delay" type="String" value="Standard" publish="private"/>
      <wd:Param name="Decoder Delay" type="UInt32" value="1500" publish="private" unit="ms"/>
      <wd:Param name="Bitrate" type="UInt32" value="3000000" publish="private" unit="bps"/>
      <wd:Param name="P Period" type="UInt32" value="8" publish="private"/>
      <wd:Param name="Hierarchical GOP" type="Boolean" value="true" publish="private"/>
      <wd:Param name="Close GOP Period" type="UInt32" value="0" publish="private"/>
      <wd:InputsRef>
        <wd:InputRef name="Input" id="ID_30" cardinality="1"/>
      </wd:InputsRef>
      <wd:OutputsRef>
        <wd:OutputRef name="Output" id="ID_31" cardinality="1"/>
      </wd:OutputsRef>
    </wd:WorkflowRef>
    <wd:WorkflowRef workflowIdRef="TSAudioExtractor" id="ID_3" comment="TS audio extractor" x="281" y="476">
      <wd:Param name="Clock management" type="String" value="Convert to device internal clock" publish="private"/>
      <wd:Param name="Language" type="String" value="Any" publish="private"/>
      <wd:Param name="Program number" type="UInt16" value="First one" publish="private"/>
      <wd:Param name="PMT PID" type="UInt16" value="Auto" publish="private"/>
      <wd:Param name="Audio PID" type="UInt32" value="First one" publish="private"/>
      <wd:Param name="Raise a log when the component is absent" type="Boolean" value="true" publish="private"/>
      <wd:Param name="Codec" type="String" value="Any" publish="private"/>
      <wd:Param name="Maximum number of audio channels" type="UInt32" value="2" publish="private"/>
      <wd:Param name="Generate fake component on absence" type="Boolean" value="false" publish="private"/>
      <wd:InputsRef>
        <wd:InputRef name="Input" id="ID_4" cardinality="1"/>
      </wd:InputsRef>
      <wd:OutputsRef>
        <wd:OutputRef name="Output" id="ID_5" cardinality="1"/>
      </wd:OutputsRef>
    </wd:WorkflowRef>
    <wd:WorkflowRef workflowIdRef="CompAudioDecoder" id="ID_6" comment="Audio decoder" x="548" y="556">
      <wd:Param name="Dolby Stereo downmixing" type="Boolean" value="false" publish="private"/>
      <wd:Param name="Dolby compression mode" type="String" value="Line mode" publish="private"/>
      <wd:InputsRef>
        <wd:InputRef name="Input" id="ID_7" cardinality="1"/>
      </wd:InputsRef>
      <wd:OutputsRef>
        <wd:OutputRef name="Output" id="ID_8" cardinality="1"/>
      </wd:OutputsRef>
    </wd:WorkflowRef>
    <wd:WorkflowRef workflowIdRef="AACEncoder" id="ID_9" comment="AAC encoder" x="1063" y="549">
      <wd:Param name="AAC type" type="String" value="AAC-HE v2 (SBR+PS)" publish="private"/>
      <wd:Param name="Bitrate" type="UInt32" value="40000" publish="private" unit="bps"/>
      <wd:Param name="Signaling mode" type="String" value="Implicit" publish="private"/>
      <wd:InputsRef>
        <wd:InputRef name="Input" id="ID_10" cardinality="1"/>
      </wd:InputsRef>
      <wd:OutputsRef>
        <wd:OutputRef name="Output" id="ID_11" cardinality="1"/>
      </wd:OutputsRef>
    </wd:WorkflowRef>
    <wd:WorkflowRef workflowIdRef="HLS" id="ID_47" comment="HLS" x="1288" y="350">
      <wd:Param name="Stream available on local web server" type="Boolean" value="false" publish="private"/>
      <wd:Param name="Push stream on remote web server" type="Boolean" value="true" publish="private"/>
      <wd:Param name="Encrypt files" type="Boolean" value="false" publish="private"/>
      <wd:Param name="Traffic smoothing" type="Boolean" value="false" publish="private"/>
      <wd:Param name="Define backup remote web server" type="Boolean" value="false" publish="private"/>
      <wd:Param name="HLS protocol version" type="UInt32" value="5" publish="private"/>
      <wd:Param name="Add low bitrate audio only stream" type="Boolean" value="true" publish="private"/>
      <wd:Param name="Manifest file name" type="String" value="index.m3u8" publish="private"/>
      <wd:Param name="Create I-frame only streams" type="Boolean" value="false" publish="private"/>
      <wd:Param name="Activate directory rollover" type="Boolean" value="false" publish="private"/>
      <wd:Param name="Custom naming" type="Boolean" value="false" publish="private"/>
      <wd:Param name="Media URI custom naming" type="Boolean" value="false" publish="private"/>
      <wd:Param name="Available stream duration" type="UInt32" value="30" publish="private" unit="s"/>
      <wd:Param name="Add prefix" type="Boolean" value="false" publish="private"/>
      <wd:Param name="Manifest sending period" type="UInt32" value="Every chunk" publish="private"/>
      <wd:Param name="Remote web server IP address" type="IpServer" label="Remote Web server IP address or LAN" value="6" publish="public" ui="maltese.corto.supervisor.common.gui.workflowjobcommon.param.UnicastIPParamUI"/>
      <wd:Param name="Remote web server URL" type="String" value="http://remote_web_server/path/" publish="public"/>
      <wd:Param name="Create directory on remote web server" type="Boolean" value="true" publish="private"/>
      <wd:Param name="Delete files from remote web server" type="Boolean" value="true" publish="private"/>
      <wd:Param name="Local storage duration when remote server is unreachable" type="UInt32" value="60" publish="private" unit="s"/>
      <wd:Param name="Remote web server authentication" type="String" value="Basic" publish="private"/>
      <wd:Param name="Remote web server user name" type="String" value="Username" publish="private"/>
      <wd:Param name="Remote web server password" type="String" value="Password" publish="private"/>
      <wd:InputsRef>
        <wd:InputRef name="Input" id="ID_48" cardinality="1">
          <wd:Param name="Stream Id" type="UInt32" value="Auto" publish="private"/>
          <wd:Param name="Language" type="String" value="Auto" publish="private"/>
          <wd:Param name="Playlist media order" type="UInt32" value="Low to high bitrate" publish="private"/>
          <wd:Param name="Audio group" type="String" value="aac" publish="private"/>
          <wd:Param name="Additional attributes in #EXT-X-STREAM-INF tag" type="String" value="None" publish="private"/>
          <wd:Param name="Video group" type="String" value="None" publish="private"/>
          <wd:Param name="Default rendition" type="Boolean" value="false" publish="private"/>
          <wd:Param name="Auto-select rendition" type="Boolean" value="true" publish="private"/>
          <wd:Param name="Rendition NAME attribute" type="String" value="Auto" publish="private"/>
        </wd:InputRef>
        <wd:InputRef name="Input" id="ID_49" cardinality="1">
          <wd:Param name="Stream Id" type="UInt32" value="Auto" publish="private"/>
          <wd:Param name="Language" type="String" value="Auto" publish="private"/>
          <wd:Param name="Playlist media order" type="UInt32" value="Low to high bitrate" publish="private"/>
          <wd:Param name="Audio group" type="String" value="aac" publish="private"/>
          <wd:Param name="Additional attributes in #EXT-X-STREAM-INF tag" type="String" value="None" publish="private"/>
          <wd:Param name="Video group" type="String" value="None" publish="private"/>
          <wd:Param name="Default rendition" type="Boolean" value="false" publish="private"/>
          <wd:Param name="Auto-select rendition" type="Boolean" value="true" publish="private"/>
          <wd:Param name="Rendition NAME attribute" type="String" value="Auto" publish="private"/>
        </wd:InputRef>
        <wd:InputRef name="Input" id="ID_50" cardinality="1">
          <wd:Param name="Stream Id" type="UInt32" value="Auto" publish="private"/>
          <wd:Param name="Language" type="String" value="Auto" publish="private"/>
          <wd:Param name="Playlist media order" type="UInt32" value="Low to high bitrate" publish="private"/>
          <wd:Param name="Audio group" type="String" value="aac" publish="private"/>
          <wd:Param name="Additional attributes in #EXT-X-STREAM-INF tag" type="String" value="None" publish="private"/>
          <wd:Param name="Video group" type="String" value="None" publish="private"/>
          <wd:Param name="Default rendition" type="Boolean" value="false" publish="private"/>
          <wd:Param name="Auto-select rendition" type="Boolean" value="true" publish="private"/>
          <wd:Param name="Rendition NAME attribute" type="String" value="Auto" publish="private"/>
        </wd:InputRef>
        <wd:InputRef name="Input" id="ID_51" cardinality="1">
          <wd:Param name="Stream Id" type="UInt32" value="Auto" publish="private"/>
          <wd:Param name="Language" type="String" value="Auto" publish="private"/>
          <wd:Param name="Playlist media order" type="UInt32" value="Low to high bitrate" publish="private"/>
          <wd:Param name="Audio group" type="String" value="aac" publish="private"/>
          <wd:Param name="Additional attributes in #EXT-X-STREAM-INF tag" type="String" value="None" publish="private"/>
          <wd:Param name="Video group" type="String" value="None" publish="private"/>
          <wd:Param name="Default rendition" type="Boolean" value="false" publish="private"/>
          <wd:Param name="Auto-select rendition" type="Boolean" value="true" publish="private"/>
          <wd:Param name="Rendition NAME attribute" type="String" value="Auto" publish="private"/>
        </wd:InputRef>
      </wd:InputsRef>
    </wd:WorkflowRef>
  </wd:Tasks>
  <wd:Links>
    <wd:Link>
      <wd:Src idRef="ID_2"/>
      <wd:Dst idRef="ID_4"/>
    </wd:Link>
    <wd:Link>
      <wd:Src idRef="ID_2"/>
      <wd:Dst idRef="ID_13"/>
    </wd:Link>
    <wd:Link>
      <wd:Src idRef="ID_5"/>
      <wd:Dst idRef="ID_7"/>
    </wd:Link>
    <wd:Link>
      <wd:Src idRef="ID_8"/>
      <wd:Dst idRef="ID_10"/>
    </wd:Link>
    <wd:Link>
      <wd:Src idRef="ID_11"/>
      <wd:Dst idRef="ID_51"/>
    </wd:Link>
    <wd:Link>
      <wd:Src idRef="ID_14"/>
      <wd:Dst idRef="ID_16"/>
    </wd:Link>
    <wd:Link>
      <wd:Src idRef="ID_17"/>
      <wd:Dst idRef="ID_19"/>
    </wd:Link>
    <wd:Link>
      <wd:Src idRef="ID_20"/>
      <wd:Dst idRef="ID_22"/>
    </wd:Link>
    <wd:Link>
      <wd:Src idRef="ID_23"/>
      <wd:Dst idRef="ID_25"/>
    </wd:Link>
    <wd:Link>
      <wd:Src idRef="ID_27"/>
      <wd:Dst idRef="ID_33"/>
    </wd:Link>
    <wd:Link>
      <wd:Src idRef="ID_27"/>
      <wd:Dst idRef="ID_30"/>
    </wd:Link>
    <wd:Link>
      <wd:Src idRef="ID_31"/>
      <wd:Dst idRef="ID_48"/>
    </wd:Link>
    <wd:Link>
      <wd:Src idRef="ID_34"/>
      <wd:Dst idRef="ID_39"/>
    </wd:Link>
    <wd:Link>
      <wd:Src idRef="ID_34"/>
      <wd:Dst idRef="ID_36"/>
    </wd:Link>
    <wd:Link>
      <wd:Src idRef="ID_37"/>
      <wd:Dst idRef="ID_49"/>
    </wd:Link>
    <wd:Link>
      <wd:Src idRef="ID_40"/>
      <wd:Dst idRef="ID_42"/>
    </wd:Link>
    <wd:Link>
      <wd:Src idRef="ID_43"/>
      <wd:Dst idRef="ID_45"/>
    </wd:Link>
    <wd:Link>
      <wd:Src idRef="ID_46"/>
      <wd:Dst idRef="ID_50"/>
    </wd:Link>
  </wd:Links>
  <wd:Inputs/>
  <wd:Outputs/>
  <wd:Display layout="MA==">
    <wd:DNode name="Parameters" type="Main"/>
    <wd:DNode name="Input" type="Undefined">
      <wd:DGroup name="Main input">
        <wd:DParam name="Main input IP address"/>
        <wd:DParam name="Main input UDP port"/>
      </wd:DGroup>
      <wd:DGroup name="Backup input">
        <wd:DParam name="Define backup input"/>
        <wd:DParam name="Backup input IP address"/>
        <wd:DParam name="Backup input UDP port"/>
      </wd:DGroup>
    </wd:DNode>
    <wd:DNode name="Output" type="Undefined">
      <wd:DParam name="Remote web server URL"/>
      <wd:DParam name="Remote Web server IP address or LAN"/>
    </wd:DNode>
  </wd:Display>
</wd:Workflow>
